millis,stamp,datetime,motion
999, 1610067855, 2021/1/8 1:4:15, Active
1999, 1610067856, 2021/1/8 1:4:16, Active
2999, 1610067857, 2021/1/8 1:4:17, Active
3999, 1610067858, 2021/1/8 1:4:18, Active
4999, 1610067859, 2021/1/8 1:4:19, Active
5999, 1610067860, 2021/1/8 1:4:20, Active
7000, 1610067861, 2021/1/8 1:4:21, Active
7999, 1610067862, 2021/1/8 1:4:22, Active
8999, 1610067863, 2021/1/8 1:4:23, Active
9999, 1610067864, 2021/1/8 1:4:24, Active
10999, 1610067865, 2021/1/8 1:4:25, Active
11999, 1610067866, 2021/1/8 1:4:26, Active
12999, 1610067867, 2021/1/8 1:4:27, Active
14000, 1610067868, 2021/1/8 1:4:28, Active
14999, 1610067869, 2021/1/8 1:4:29, Active
16000, 1610067870, 2021/1/8 1:4:30, Active
16999, 1610067871, 2021/1/8 1:4:31, Active
17999, 1610067872, 2021/1/8 1:4:32, Active
18999, 1610067873, 2021/1/8 1:4:33, Active
19999, 1610067874, 2021/1/8 1:4:34, Active
20999, 1610067875, 2021/1/8 1:4:35, Active
21999, 1610067876, 2021/1/8 1:4:36, Active
23000, 1610067877, 2021/1/8 1:4:37, Active
23999, 1610067878, 2021/1/8 1:4:38, Active
24999, 1610067879, 2021/1/8 1:4:39, Active
25999, 1610067880, 2021/1/8 1:4:40, Active
26999, 1610067881, 2021/1/8 1:4:41, Active
27999, 1610067882, 2021/1/8 1:4:42, Active
28999, 1610067883, 2021/1/8 1:4:43, Active
29999, 1610067884, 2021/1/8 1:4:44, Active
30999, 1610067885, 2021/1/8 1:4:45, Active
32000, 1610067886, 2021/1/8 1:4:46, Active
32999, 1610067887, 2021/1/8 1:4:47, Active
33999, 1610067888, 2021/1/8 1:4:48, Active
34999, 1610067889, 2021/1/8 1:4:49, Active
35999, 1610067890, 2021/1/8 1:4:50, Active
37000, 1610067891, 2021/1/8 1:4:51, Active
37999, 1610067892, 2021/1/8 1:4:52, Active
39000, 1610067893, 2021/1/8 1:4:53, Active
39999, 1610067894, 2021/1/8 1:4:54, Active
40999, 1610067895, 2021/1/8 1:4:55, Active
41999, 1610067896, 2021/1/8 1:4:56, Active
42999, 1610067897, 2021/1/8 1:4:57, Inactive
43999, 1610067898, 2021/1/8 1:4:58, Inactive
44999, 1610067899, 2021/1/8 1:4:59, Inactive
45999, 1610067900, 2021/1/8 1:5:0, Active
46999, 1610067901, 2021/1/8 1:5:1, Active
48000, 1610067902, 2021/1/8 1:5:2, Active
48999, 1610067903, 2021/1/8 1:5:3, Active
49999, 1610067904, 2021/1/8 1:5:4, Active
50999, 1610067905, 2021/1/8 1:5:5, Active
51999, 1610067906, 2021/1/8 1:5:6, Active
52998, 1610067907, 2021/1/8 1:5:7, Active
53999, 1610067908, 2021/1/8 1:5:8, Active
55000, 1610067909, 2021/1/8 1:5:9, Active
55999, 1610067910, 2021/1/8 1:5:10, Active
56999, 1610067911, 2021/1/8 1:5:11, Active
57999, 1610067912, 2021/1/8 1:5:12, Active
58999, 1610067913, 2021/1/8 1:5:13, Active
59999, 1610067914, 2021/1/8 1:5:14, Active
60999, 1610067915, 2021/1/8 1:5:15, Active
61999, 1610067916, 2021/1/8 1:5:16, Inactive
62999, 1610067917, 2021/1/8 1:5:17, Inactive
63998, 1610067918, 2021/1/8 1:5:18, Inactive
64999, 1610067919, 2021/1/8 1:5:19, Inactive
65999, 1610067920, 2021/1/8 1:5:20, Inactive
66999, 1610067921, 2021/1/8 1:5:21, Inactive
67999, 1610067922, 2021/1/8 1:5:22, Inactive
68999, 1610067923, 2021/1/8 1:5:23, Inactive
69999, 1610067924, 2021/1/8 1:5:24, Inactive
70999, 1610067925, 2021/1/8 1:5:25, Active
71998, 1610067926, 2021/1/8 1:5:26, Active
72999, 1610067927, 2021/1/8 1:5:27, Active
73999, 1610067928, 2021/1/8 1:5:28, Active
74999, 1610067929, 2021/1/8 1:5:29, Active
75999, 1610067930, 2021/1/8 1:5:30, Active
76999, 1610067931, 2021/1/8 1:5:31, Active
77999, 1610067932, 2021/1/8 1:5:32, Active
78998, 1610067933, 2021/1/8 1:5:33, Active
80000, 1610067934, 2021/1/8 1:5:34, Active
80998, 1610067935, 2021/1/8 1:5:35, Inactive
81999, 1610067936, 2021/1/8 1:5:36, Inactive
82999, 1610067937, 2021/1/8 1:5:37, Inactive
83998, 1610067938, 2021/1/8 1:5:38, Inactive
84999, 1610067939, 2021/1/8 1:5:39, Inactive
85999, 1610067940, 2021/1/8 1:5:40, Inactive
87000, 1610067941, 2021/1/8 1:5:41, Inactive
87999, 1610067942, 2021/1/8 1:5:42, Inactive
88999, 1610067943, 2021/1/8 1:5:43, Inactive
89999, 1610067944, 2021/1/8 1:5:44, Inactive
90999, 1610067945, 2021/1/8 1:5:45, Inactive
91999, 1610067946, 2021/1/8 1:5:46, Inactive
92999, 1610067947, 2021/1/8 1:5:47, Inactive
94000, 1610067948, 2021/1/8 1:5:48, Inactive
94999, 1610067949, 2021/1/8 1:5:49, Inactive
96000, 1610067950, 2021/1/8 1:5:50, Inactive
96999, 1610067951, 2021/1/8 1:5:51, Inactive
97998, 1610067952, 2021/1/8 1:5:52, Inactive
98999, 1610067953, 2021/1/8 1:5:53, Inactive
